"","Year","Rank","Title","Genre","Rating","Votes","Gross"
"1",2018,"1.","Killing Eve","Action","8.2",110884,NA
"2",2018,"2.","Yellowstone","Drama","8.8",108737,NA
"3",2018,"3.","Élite","Crime","7.4",71472,NA
"4",2018,"4.","Fantastic Beasts: The Crimes of Grindelwald","Adventure","6.5",260757,159560000
"5",2018,"5.","Derry Girls","Comedy","8.4",30025,NA
"6",2018,"6.","The Rookie","Crime","8.1",34214,NA
"7",2018,"7.","Succession","Drama","8.8",124172,NA
"8",2018,"8.","The Split","Drama","7.7",5767,NA
"9",2018,"9.","9-1-1","Action","7.8",31143,NA
"10",2018,"10.","Barry","Action","8.3",60679,NA
"11",2018,"11.","Legacies","Adventure","7.4",28532,NA
"12",2018,"12.","FBI","Action","6.9",16007,NA
"13",2018,"13.","How It Ends","Action","5.0",50444,NA
"14",2018,"14.","Cobra Kai","Action","8.6",162935,NA
"15",2018,"15.","Magnum P.I.","Action","5.9",12323,NA
"16",2018,"16.","You","Crime","7.8",224817,NA
"17",2018,"17.","K.G.F: Chapter 1","Action","8.4",67662,NA
"18",2018,"18.","Good Girls","Comedy","7.8",49480,NA
"19",2018,"19.","The Resident","Drama","7.9",25261,NA
"20",2018,"20.","Titans","Action","7.6",95231,NA
"21",2018,"21.","A Million Little Things","Comedy","7.9",12744,NA
"22",2018,"22.","The Favourite","Biography","7.5",194119,34370000
"23",2018,"23.","Jack Ryan","Action","8.1",110341,NA
"24",2018,"24.","Avengers: Infinity War","Action","8.5",1004409,678820000
"25",2018,"25.","Aquaman","Action","6.8",439733,335060000
"26",2018,"26.","Manifest","Drama","7.1",49821,NA
"27",2018,"27.","L'amica geniale","Drama","8.6",13650,NA
"28",2018,"28.","Station 19","Action","6.8",13719,NA
"29",2018,"29.","Spider-Man: Into the Spider-Verse","Animation","8.4",484577,190240000
"30",2018,"30.","Mayans M.C.","Crime","7.6",16263,NA
"31",2018,"31.","New Amsterdam","Drama","8.1",35322,NA
"32",2018,"32.","Hereditary","Drama","7.3",289776,44070000
"33",2018,"33.","Bohemian Rhapsody","Biography","7.9",514326,216430000
"34",2018,"34.","A Discovery of Witches","Drama","7.9",50273,NA
"35",2018,"35.","Annihilation","Adventure","6.8",311705,32730000
"36",2018,"36.","All American","Drama","7.7",10080,NA
"37",2018,"37.","Deadpool 2","Action","7.7",550243,324590000
"38",2018,"38.","The Haunting of Hill House","Drama","8.6",225507,NA
"39",2018,"39.","Black Panther","Action","7.3",716988,700060000
"40",2018,"40.","Venom","Action","6.6",462608,213520000
"41",2018,"41.","Maniac","Comedy","7.7",75604,NA
"42",2018,"42.","Ready Player One","Action","7.4",419016,137690000
"43",2018,"43.","Lost in Space","Adventure","7.3",96525,NA
"44",2018,"44.","Ocean's Eight","Action","6.3",211208,140220000
"45",2018,"45.","Altered Carbon","Action","8.0",161187,NA
"46",2018,"46.","Jurassic World: Fallen Kingdom","Action","6.2",295861,417720000
"47",2018,"47.","Green Book","Biography","8.2",460867,85080000
"48",2018,"48.","Crazy Rich Asians","Comedy","6.9",165455,174530000
"49",2018,"49.","Charmed","Drama","4.6",16001,NA
"50",2018,"50.","Narcos: México","Crime","8.4",80567,NA
"51",2018,"51.","Suspiria","Drama","6.7",73399,2470000
"52",2018,"52.","A Star Is Born","Drama","7.6",371816,215290000
"53",2018,"53.","Sharp Objects","Crime","8.1",93322,NA
"54",2018,"54.","Fifty Shades Freed","Drama","4.5",63702,100410000
"55",2018,"55.","Solo: A Star Wars Story","Action","6.9",329344,213770000
"56",2018,"56.","Mission: Impossible - Fallout","Action","7.7",319910,220160000
"57",2018,"57.","Mandy","Action","6.5",75016,1210000
"58",2018,"58.","A Quiet Place","Drama","7.5",504434,188020000
"59",2018,"59.","Hidden","Crime","7.2",4253,NA
"60",2018,"60.","Bodyguard","Crime","8.1",115434,NA
"61",2018,"61.","The Conners","Comedy","5.4",10049,NA
"62",2018,"62.","The VelociPastor","Action","5.1",5646,NA
"63",2018,"63.","Beautiful Boy","Biography","7.3",71192,7650000
"64",2018,"64.","Bluey","Animation","9.7",6411,NA
"65",2018,"65.","Sicario: Day of the Soldado","Action","7.1",142868,50070000
"66",2018,"66.","Bird Box","Horror","6.6",323550,NA
"67",2018,"67.","Chilling Adventures of Sabrina","Drama","7.4",89890,NA
"68",2018,"68.","The House That Jack Built","Crime","6.8",72060,90000
"69",2018,"69.","Mr Inbetween","Crime","8.6",15410,NA
"70",2018,"70.","Sorry to Bother You","Comedy","6.9",75229,17490000
"71",2018,"71.","The Ballad of Buster Scruggs","Comedy","7.3",141439,NA
"72",2018,"72.","Under the Silver Lake","Crime","6.5",40676,50000
"73",2018,"73.","The Neighborhood","Comedy","6.4",6894,NA
"74",2018,"74.","Red Sparrow","Action","6.6",182092,46870000
"75",2018,"75.","Bad Times at the El Royale","Crime","7.1",144663,17840000
"76",2018,"76.","Mortal Engines","Action","6.1",122702,15950000
"77",2018,"77.","Escape at Dannemora","Biography","7.9",23031,NA
"78",2018,"78.","Disenchantment","Animation","7.2",58247,NA
"79",2018,"79.","Climax","Drama","6.9",64724,8e+05
"80",2018,"80.","The Predator","Action","5.3",126265,51020000
"81",2018,"81.","A Simple Favor","Comedy","6.8",144758,53550000
"82",2018,"82.","Incredibles 2","Animation","7.6",283790,608580000
"83",2018,"83.","Castle Rock","Drama","7.5",44112,NA
"84",2018,"84.","Den of Thieves","Action","7.0",107131,44950000
"85",2018,"85.","The Alienist","Crime","7.7",52519,NA
"86",2018,"86.","The Kissing Booth","Comedy","6.0",81244,NA
"87",2018,"87.","Death Wish","Action","6.3",71234,34020000
"88",2018,"88.","Vice","Biography","7.2",141193,47840000
"89",2018,"89.","Safe","Crime","7.2",41585,NA
"90",2018,"90.","Tomb Raider","Action","6.3",209867,58250000
"91",2018,"91.","Upgrade","Action","7.5",179716,11980000
"92",2018,"92.","Mile 22","Action","6.1",77589,36110000
"93",2018,"93.","Wellington Paranormal","Comedy","7.6",4887,NA
"94",2018,"94.","Ant-Man and the Wasp","Action","7.0",375689,216650000
"95",2018,"95.","Shakespeare & Hathaway - Private Investigators","Comedy","7.6",3860,NA
"96",2018,"96.","Mary Queen of Scots","Biography","6.3",49176,16470000
"97",2018,"97.","The Meg","Action","5.6",166406,143010000
"98",2018,"98.","Game Night","Action","6.9",228439,69180000
"99",2018,"99.","The Terror","Adventure","7.9",43532,NA
"100",2018,"100.","The Package","Comedy","5.5",17142,NA
"101",2018,"101.","A.P. Bio","Comedy","7.4",14304,NA
"102",2018,"102.","Capharnaüm","Drama","8.4",83947,1660000
"103",2018,"103.","Dirty John","Crime","7.2",21025,NA
"104",2018,"104.","Peter Rabbit","Animation","6.6",41775,115250000
"105",2018,"105.","The Outsider","Action","6.2",25085,NA
"106",2018,"106.","The Equalizer 2","Action","6.7",153879,102080000
"107",2018,"107.","Seven Seconds","Crime","7.7",15686,NA
"108",2018,"108.","Outlaw King","Action","6.9",69614,NA
"109",2018,"109.","Mid90s","Comedy","7.3",61132,7360000
"110",2018,"110.","Robin Hood","Action","5.3",72099,30820000
"111",2018,"111.","London Fields","Crime","4.0",9163,250000
"112",2018,"112.","Siren","Drama","7.0",13682,NA
"113",2018,"113.","Harrow","Crime","7.6",7686,NA
"114",2018,"114.","Condor","Action","7.7",14634,NA
"115",2018,"115.","22 July","Crime","6.8",33137,NA
"116",2018,"116.","The Kominsky Method","Comedy","8.2",38514,NA
"117",2018,"117.","High Life","Adventure","5.8",34397,1230000
"118",2018,"118.","The Clovehitch Killer","Crime","6.5",26593,10000
"119",2018,"119.","Maze Runner: The Death Cure","Action","6.2",132870,58030000
"120",2018,"120.","Mamma Mia! Here We Go Again","Comedy","6.6",91776,120630000
"121",2018,"121.","BlacKkKlansman","Biography","7.5",254594,49280000
"122",2018,"122.","The Nightingale","Adventure","7.3",28693,390000
"123",2018,"123.","Level 16","Drama","6.0",10987,NA
"124",2018,"124.","The Nun","Horror","5.3",135953,117450000
"125",2018,"125.","Beoning","Drama","7.5",61526,720000
"126",2018,"126.","Bumblebee","Action","6.7",158865,127200000
"127",2018,"127.","The Girl in the Spider's Web","Action","6.1",46938,14840000
"128",2018,"128.","Freaks","Drama","6.7",33828,NA
"129",2018,"129.","Ghostland","Drama","6.4",30119,NA
"130",2018,"130.","First Man","Biography","7.3",184150,44940000
"131",2018,"131.","On the Basis of Sex","Biography","7.1",33601,24620000
"132",2018,"132.","Apharan","Action","8.7",18001,NA
"133",2018,"133.","Night Hunter","Action","5.9",21479,NA
"134",2018,"134.","Pose","Drama","8.6",27860,NA
"135",2018,"135.","Pacific Rim: Uprising","Action","5.6",114928,59870000
"136",2018,"136.","12 Strong","Action","6.5",77654,45500000
"137",2018,"137.","Hotel Artemis","Action","6.0",52467,6710000
"138",2018,"138.","The Legend of Robert the Doll","Horror","2.6",689,NA
"139",2018,"139.","Ralph Breaks the Internet","Animation","7.0",153733,201090000
"140",2018,"140.","Isle of Dogs","Animation","7.8",162552,32020000
"141",2018,"141.","Instant Family","Comedy","7.3",103698,67360000
"142",2018,"142.","Believe Me: The Abduction of Lisa McVey","Biography","7.2",11639,NA
"143",2018,"143.","Kidding","Comedy","8.0",18149,NA
"144",2018,"144.","Red Dead Redemption II","Action","9.7",32516,NA
"145",2018,"145.","Vanity Fair","Drama","7.2",4698,NA
"146",2018,"146.","Wildlife","Drama","6.8",28302,1030000
"147",2018,"147.","Mary Poppins Returns","Adventure","6.7",86332,171960000
"148",2018,"148.","Gräns","Crime","7.0",28787,770000
"149",2018,"149.","Life Itself","Drama","6.8",20905,4100000
"150",2018,"150.","Rampage","Action","6.1",161900,101030000
"151",2018,"151.","Les frères Sisters","Crime","6.9",63366,3140000
"152",2018,"152.","Dragged Across Concrete","Action","6.9",44765,NA
"153",2018,"153.","Halloween","Crime","6.5",144905,159340000
"154",2018,"154.","Extinction","Action","5.8",52087,NA
"155",2018,"155.","Mute","Mystery","5.4",34690,NA
"156",2018,"156.","Insatiable","Comedy","6.6",27075,NA
"157",2018,"157.","The Guernsey Literary and Potato Peel Pie Society","Drama","7.3",44732,NA
"158",2018,"158.","Homecoming","Drama","7.4",23957,NA
"159",2018,"159.","Set It Up","Comedy","6.5",50320,NA
"160",2018,"160.","Roma","Drama","7.7",154213,NA
"161",2018,"161.","Sahsiyet","Crime","9.1",39334,NA
"162",2018,"162.","Collateral","Crime","6.7",17478,NA
"163",2018,"163.","Les rivières pourpres","Crime","6.8",1543,NA
"164",2018,"164.","Deadly Class","Action","7.5",17167,NA
"165",2018,"165.","The Kindergarten Teacher","Drama","6.7",15606,NA
"166",2018,"166.","Operation Finale","Biography","6.6",41203,17610000
"167",2018,"167.","Into the Dark","Drama","6.3",4617,NA
"168",2018,"168.","Miseuteo Shunshain","Action","8.8",6777,NA
"169",2018,"169.","Blockers","Comedy","6.2",78258,60310000
"170",2018,"170.","Second Act","Comedy","5.8",26885,39280000
"171",2018,"171.","The Rain","Drama","6.3",35612,NA
"172",2018,"172.","Final Space","Animation","8.2",41836,NA
"173",2018,"173.","Overlord","Action","6.6",96428,21700000
"174",2018,"174.","Unsane","Drama","6.4",45468,7730000
"175",2018,"175.","The Spy Who Dumped Me","Action","6.0",76258,33560000
"176",2018,"176.","I Can Only Imagine","Biography","7.3",16040,83480000
"177",2018,"177.","Apostle","Drama","6.3",50904,NA
"178",2018,"178.","Baby","Drama","6.8",10906,NA
"179",2018,"179.","All Is True","Biography","6.3",4508,1200000
"180",2018,"180.","Love, Simon","Comedy","7.5",110624,40830000
"181",2018,"181.","City of Lies","Biography","6.4",13184,570000
"182",2018,"182.","To All the Boys I've Loved Before","Comedy","7.1",102615,NA
"183",2018,"183.","Lords of Chaos","Biography","6.6",15261,250000
"184",2018,"184.","MILF","Comedy","4.8",6025,NA
"185",2018,"185.","Tag","Action","6.5",129805,54550000
"186",2018,"186.","Erkenci Kus","Comedy","7.9",7457,NA
"187",2018,"187.","Baki","Animation","6.7",5603,NA
"188",2018,"188.","That Time I Got Reincarnated as a Slime","Animation","8.2",9056,NA
"189",2018,"189.","The Little Drummer Girl","Drama","7.4",11676,NA
"190",2018,"190.","Ophelia","Drama","6.5",10763,50000
"191",2018,"191.","Adrift","Action","6.6",55046,31450000
"192",2018,"192.","Alive","Horror","5.3",1048,NA
"193",2018,"193.","The Mule","Crime","7.0",132398,103800000
"194",2018,"194.","King of Thieves","Biography","5.5",14036,NA
"195",2018,"195.","Mary Magdalene","Biography","5.9",10172,120000
"196",2018,"196.","Calibre","Drama","6.8",27958,NA
"197",2018,"197.","Super Dragon Ball Heroes","Animation","7.0",2298,NA
"198",2018,"198.","The Professor","Comedy","6.7",30305,NA
"199",2018,"199.","Grown-ish","Comedy","6.4",5334,NA
"200",2018,"200.","Dumplin'","Comedy","6.5",33101,NA
"201",2018,"201.","Destroyer","Action","6.2",28938,1530000
"202",2018,"202.","Der Pass","Crime","8.0",6300,NA
"203",2018,"203.","The Outpost","Action","6.5",8099,NA
"204",2018,"204.","Kursk","Action","6.6",18450,NA
"205",2018,"205.","Widows","Crime","6.9",95683,42400000
"206",2018,"206.","Ying","Action","7.0",15348,520000
"207",2018,"207.","The Purge","Action","6.5",15965,NA
"208",2018,"208.","Between Earth and Sky","Crime","5.8",16256,NA
"209",2018,"209.","Creed II","Drama","7.1",120399,115720000
"210",2018,"210.","Violet Evergarden","Animation","8.5",19611,NA
"211",2018,"211.","Anon","Crime","6.1",43320,NA
"212",2018,"212.","The Hate U Give","Crime","7.4",35426,29720000
"213",2018,"213.","Truth or Dare","Horror","5.2",54310,41410000
"214",2018,"214.","The Cloverfield Paradox","Action","5.5",103159,NA
"215",2018,"215.","Billionaire Boys Club","Biography","5.6",12868,NA
"216",2018,"216.","Jesus Christ Superstar Live in Concert","Drama","7.8",3714,NA
"217",2018,"217.","Alexa & Katie","Comedy","7.5",4634,NA
"218",2018,"218.","Searching","Drama","7.6",158647,26020000
"219",2018,"219.","Patrick Melrose","Drama","8.0",28374,NA
"220",2018,"220.","Kimbiseoga wae geureolkka","Comedy","8.1",10630,NA
"221",2018,"221.","Innocent","Crime","7.4",4314,NA
"222",2018,"222.","The Perfection","Drama","6.1",41832,NA
"223",2018,"223.","The Dragon Prince","Animation","8.4",21472,NA
"224",2018,"224.","Das Boot","Drama","7.4",7276,NA
"225",2018,"225.","Insidious: The Last Key","Horror","5.7",58853,67750000
"226",2018,"226.","She-Ra and the Princesses of Power","Animation","7.9",14801,NA
"227",2018,"227.","Johnny English Strikes Again","Action","6.2",72119,4410000
"228",2018,"228.","Midnight Sun","Drama","6.6",29857,9560000
"229",2018,"229.","Cloak & Dagger","Action","6.6",19852,NA
"230",2018,"230.","Trust","Biography","7.5",6831,NA
"231",2018,"231.","Eighth Grade","Comedy","7.4",73651,13540000
"232",2018,"232.","Durante la tormenta","Drama","7.4",53051,NA
"233",2018,"233.","The Protector","Action","6.6",34306,NA
"234",2018,"234.","On My Block","Comedy","8.0",15533,NA
"235",2018,"235.","The Family Business","Action","6.5",736,NA
"236",2018,"236.","Big City Greens","Animation","7.3",1996,NA
"237",2018,"237.","Luchshe, chem lyudi","Drama","7.4",8686,NA
"238",2018,"238.","Tell Me a Story","Drama","7.1",8925,NA
"239",2018,"239.","Balthazar","Crime","7.5",1324,NA
"240",2018,"240.","Summer of 84","Drama","6.7",39137,90000
"241",2018,"241.","The Night Comes for Us","Action","7.0",25410,NA
"242",2018,"242.","A Very English Scandal","Biography","7.7",13114,NA
"243",2018,"243.","At Eternity's Gate","Biography","6.9",33986,2290000
"244",2018,"244.","Troy: Fall of a City","Action","3.9",13736,NA
"245",2018,"245.","Hotel Transylvania 3: Summer Vacation","Animation","6.3",70818,167510000
"246",2018,"246.","Hold the Dark","Action","5.6",36659,NA
"247",2018,"247.","The Chi","Drama","7.4",5712,NA
"248",2018,"248.","Stan & Ollie","Biography","7.2",36767,5470000
"249",2018,"249.","The Titan","Drama","4.8",30947,NA
"250",2018,"250.","Den skyldige","Crime","7.5",57089,210000
"251",2018,"251.","The First Purge","Action","5.2",62552,69490000
"252",2018,"252.","The Miseducation of Cameron Post","Comedy","6.6",21707,9e+05
"253",2018,"253.","Todos lo saben","Crime","6.9",33931,2660000
"254",2018,"254.","Kin","Action","5.8",16847,5720000
"255",2018,"255.","Prospect","Adventure","6.3",27241,NA
"256",2018,"256.","Sacred Games","Action","8.6",85354,NA
"257",2018,"257.","Hunter Killer","Action","6.6",61686,15770000
"258",2018,"258.","Single Parents","Comedy","7.1",5949,NA
"259",2018,"259.","Devilman: Crybaby","Animation","7.6",18279,NA
"260",2018,"260.","Chained for Life","Drama","6.6",742,NA
"261",2018,"261.","Leave No Trace","Adventure","7.2",57708,6050000
"262",2018,"262.","Girl From Nowhere","Crime","7.6",3903,NA
"263",2018,"263.","Skyscraper","Action","5.8",119457,68420000
"264",2018,"264.","Beirut","Action","6.4",21768,5020000
"265",2018,"265.","Little Italy","Comedy","5.7",14441,990000
"266",2018,"266.","God of War","Action","9.6",23959,NA
"267",2018,"267.","Karppi","Crime","7.3",8884,NA
"268",2018,"268.","Black Mirror: Bandersnatch","Drama","7.1",123867,NA
"269",2018,"269.","Game Over, Man!","Action","5.4",29693,NA
"270",2018,"270.","For the People","Drama","7.3",5656,NA
"271",2018,"271.","The Week Of","Comedy","5.2",21417,NA
"272",2018,"272.","Manbiki kazoku","Crime","7.9",73416,3310000
"273",2018,"273.","Tidelands","Crime","6.8",7700,NA
"274",2018,"274.","Welcome to Marwen","Biography","6.2",23466,10760000
"275",2018,"275.","Detroit: Become Human","Action","9.2",15552,NA
"276",2018,"276.","A Wrinkle in Time","Adventure","4.2",44379,100480000
"277",2018,"277.","Arctic","Adventure","6.8",50990,2410000
"278",2018,"278.","Sorry for Your Loss","Drama","7.3",2418,NA
"279",2018,"279.","Hotel Mumbai","Action","7.6",61422,9650000
"280",2018,"280.","Les Misérables","Drama","7.8",7873,NA
"281",2018,"281.","Everything Sucks!","Comedy","7.5",18224,NA
"282",2018,"282.","Seishun Buta Yaro wa Bunny Girl-senpai no Yume wo Minai","Animation","8.1",10144,NA
"283",2018,"283.","Mowgli","Adventure","6.5",61065,NA
"284",2018,"284.","Slender Man","Horror","3.2",33256,30570000
"285",2018,"285.","Si no t'hagués conegut","Drama","7.6",2380,NA
"286",2018,"286.","Alpha","Action","6.6",61389,35850000
"287",2018,"287.","Mirzapur","Action","8.5",67738,NA
"288",2018,"288.","DARLING in the FRANXX","Animation","7.5",8967,NA
"289",2018,"289.","Wanderlust","Drama","7.0",5261,NA
"290",2018,"290.","Peppermint","Action","6.5",63965,35420000
"291",2018,"291.","Paul, Apostle of Christ","Adventure","6.6",8469,17560000
"292",2018,"292.","Waco","Crime","7.9",20045,NA
"293",2018,"293.","Christopher Robin","Adventure","7.2",75859,99220000
"294",2018,"294.","Death and Nightingales","Drama","6.3",1784,NA
"295",2018,"295.","Rust Creek","Crime","5.9",11281,NA
"296",2018,"296.","Reprisal","Action","4.2",7331,NA
"297",2018,"297.","Tumbbad","Drama","8.2",41267,NA
"298",2018,"298.","Wij","Drama","5.6",2649,NA
"299",2018,"299.","Kimi no suizô o tabetai","Animation","8.0",14732,280000
"300",2018,"300.","If Beale Street Could Talk","Drama","7.1",47936,14920000
"301",2018,"301.","Holmes & Watson","Comedy","3.9",35860,30570000
"302",2018,"302.","Free Solo","Documentary","8.1",64978,17540000
"303",2018,"303.","I Feel Pretty","Comedy","5.6",53158,48800000
"304",2018,"304.","Colette","Biography","6.7",22847,5140000
"305",2018,"305.","Zimna wojna","Drama","7.5",55566,4570000
"306",2018,"306.","Night School","Comedy","5.6",40005,77340000
"307",2018,"307.","White Boy Rick","Crime","6.5",36565,24010000
"308",2018,"308.","Tully","Comedy","6.9",58036,9230000
"309",2018,"309.","Slaughterhouse Rulez","Action","5.3",14553,0
"310",2018,"310.","Back Roads","Crime","6.5",6433,NA
"311",2018,"311.","Red Joan","Biography","6.4",12209,1580000
"312",2018,"312.","Replicas","Drama","5.4",37767,4050000
"313",2018,"313.","When We First Met","Comedy","6.4",48098,NA
"314",2018,"314.","Instinct","Crime","6.6",7584,NA
"315",2018,"315.","The Darkest Minds","Action","5.7",31672,12700000
"316",2018,"316.","The Angel","Action","6.7",13964,NA
"317",2018,"317.","Fahrenheit 451","Drama","4.9",19911,NA
"318",2018,"318.","Assassination Nation","Action","6.0",18765,1960000
"319",2018,"319.","Mocro Maffia","Crime","8.2",3064,NA
"320",2018,"320.","Charlie Says","Biography","5.9",4316,40000
"321",2018,"321.","The Commuter","Action","6.3",113406,36340000
"322",2018,"322.","Siberia","Crime","4.3",15177,NA
"323",2018,"323.","Bonding","Comedy","7.2",15791,NA
"324",2018,"324.","Paradise PD","Animation","6.8",18145,NA
"325",2018,"325.","Amanda","Drama","7.0",2761,NA
"326",2018,"326.","The Happytime Murders","Action","5.4",27672,20710000
"327",2018,"327.","The Man Who Killed Don Quixote","Adventure","6.3",19353,390000
"328",2018,"328.","Welcome Home","Thriller","5.2",7482,NA
"329",2018,"329.","American Animals","Biography","7.0",43801,2860000
"330",2018,"330.","Tell It to the Bees","Drama","6.3",4890,NA
"331",2018,"331.","Krypton","Action","6.8",16454,NA
"332",2018,"332.","Ivalo","Crime","6.8",1773,NA
"333",2018,"333.","A Futile and Stupid Gesture","Biography","6.7",15864,NA
"334",2018,"334.","We Have Always Lived in the Castle","Drama","5.6",7160,7670000
"335",2018,"335.","Brian Banks","Biography","7.2",6680,4320000
"336",2018,"336.","Goblin Slayer","Animation","7.5",6977,NA
"337",2018,"337.","Werk ohne Autor","Biography","7.7",20376,1300000
"338",2018,"338.","Chandragupta Maurya","History","8.0",468,NA
"339",2018,"339.","Lykkeland","Drama","7.8",2322,NA
"340",2018,"340.","Burden of Truth","Drama","7.3",4120,NA
"341",2018,"341.","Cam","Drama","5.9",30969,NA
"342",2018,"342.","The House with a Clock in Its Walls","Comedy","6.0",50822,68550000
"343",2018,"343.","Ride","Action","7.2",1525,NA
"344",2018,"344.","Braven","Action","5.9",35359,NA
"345",2018,"345.","Vivir sin permiso","Drama","7.5",4513,NA
"346",2018,"346.","The Possession of Hannah Grace","Horror","5.2",22279,14840000
"347",2018,"347.","Keepers","Crime","5.8",16723,NA
"348",2018,"348.","Pine Gap","Drama","7.1",4834,NA
"349",2018,"349.","Don't Worry, He Won't Get Far on Foot","Biography","6.8",25976,1440000
"350",2018,"350.","Boy Erased","Biography","6.9",37786,6790000
"351",2018,"351.","The Looming Tower","Drama","8.0",14316,NA
"352",2018,"352.","Greta","Drama","6.0",32852,10520000
"353",2018,"353.","La catedral del mar","Drama","7.4",4195,NA
"354",2018,"354.","Her Smell","Drama","6.0",6676,260000
"355",2018,"355.","Can You Ever Forgive Me?","Biography","7.1",51351,8800000
"356",2018,"356.","Tau","Sci-Fi","5.8",30803,NA
"357",2018,"357.","McMafia","Crime","7.7",15405,NA
"358",2018,"358.","Juliet, Naked","Comedy","6.6",22294,3440000
"359",2018,"359.","The ABC Murders","Crime","6.6",9763,NA
"360",2018,"360.","Queer Eye","Reality-TV","8.5",18261,NA
"361",2018,"361.","Malevolent","Horror","4.8",13444,NA
"362",2018,"362.","Donbass","Drama","6.6",4049,NA
"363",2018,"363.","Gotti","Biography","4.7",15303,4340000
"364",2018,"364.","Stath Lets Flats","Comedy","7.6",3443,NA
"365",2018,"365.","Destination Wedding","Comedy","6.0",28841,NA
"366",2018,"366.","Les","Drama","6.0",181,NA
"367",2018,"367.","Terminal","Crime","5.3",22074,NA
"368",2018,"368.","Driven","Romance","7.3",1150,NA
"369",2018,"369.","Red Table Talk","Reality-TV","3.7",425,NA
"370",2018,"370.","Z-O-M-B-I-E-S","Family","6.2",4991,NA
"371",2018,"371.","Vida","Drama","7.3",2817,NA
"372",2018,"372.","Hevi reissu","Comedy","7.0",8837,10000
"373",2018,"373.","Step Sisters","Comedy","5.4",4448,NA
"374",2018,"374.","Fyre","Documentary","7.2",44458,NA
"375",2018,"375.","Overboard","Comedy","6.0",37879,50320000
"376",2018,"376.","The Old Man & the Gun","Biography","6.7",45014,11280000
"377",2018,"377.","Action Point","Comedy","5.1",11293,5060000
"378",2018,"378.","Det som göms i snö","Crime","7.4",2719,NA
"379",2018,"379.","Stargate Origins: Catherine","Adventure","4.1",1135,NA
"380",2018,"380.","The Strangers: Prey at Night","Horror","5.2",30466,24430000
"381",2018,"381.","A Million Little Pieces","Drama","6.2",3128,NA
"382",2018,"382.","Gringo","Action","6.1",29669,4970000
"383",2018,"383.","Run the Race","Drama","6.0",1524,6420000
"384",2018,"384.","Doragon bôru chô: Burorî","Animation","7.8",26079,30710000
"385",2018,"385.","Ordeal by Innocence","Crime","7.3",9511,NA
"386",2018,"386.","Manyeo","Action","7.1",9809,NA
"387",2018,"387.","Wild Wild Country","Documentary","8.1",29544,NA
"388",2018,"388.","Stargate Origins","Short","3.8",5385,NA
"389",2018,"389.","The Bad Seed","Drama","5.9",2697,NA
"390",2018,"390.","A Private War","Biography","6.7",19047,1630000
"391",2018,"391.","The 15:17 to Paris","Biography","5.3",32616,36250000
"392",2018,"392.","They Shall Not Grow Old","Documentary","8.2",33847,17960000
"393",2018,"393.","Naui Ajusshi","Drama","9.2",5616,NA
"394",2018,"394.","Craig of the Creek","Animation","7.2",2182,NA
"395",2018,"395.","Bap Jal Sajuneun Yeppeun Nuna","Drama","8.2",5805,NA
"396",2018,"396.","Uncle Drew","Comedy","5.7",14117,42470000
"397",2018,"397.","Look Away","Drama","5.8",21196,NA
"398",2018,"398.","Every Day","Drama","6.4",21182,6100000
"399",2018,"399.","Rangasthalam","Action","8.5",23298,3510000
"400",2018,"400.","Deep State","Action","7.0",5538,NA
"401",2018,"401.","Superfly","Action","5.2",6998,20550000
"402",2018,"402.","Summer '03","Comedy","5.5",3345,17520000
"403",2018,"403.","A-X-L","Action","5.3",11766,6500000
"404",2018,"404.","Vox Lux","Drama","5.9",17953,730000
"405",2018,"405.","Sherlock Gnomes","Animation","5.2",12095,43240000
"406",2018,"406.","Radium Girls","Drama","6.2",1698,NA
"407",2018,"407.","Unfriended: Dark Web","Horror","6.0",32042,8780000
"408",2018,"408.","Bulletproof","Action","6.5",3438,NA
"409",2018,"409.","Escape Plan 2: Hades","Action","3.8",31306,NA
"410",2018,"410.","Spider-Man","Action","9.2",19140,NA
"411",2018,"411.","Between Worlds","Fantasy","4.0",8558,NA
"412",2018,"412.","Bao","Animation","7.5",27676,NA
"413",2018,"413.","Life of the Party","Comedy","5.5",36772,52860000
"414",2018,"414.","Star Wars: Resistance","Animation","5.1",5539,NA
"415",2018,"415.","Then Came You","Adventure","6.9",12312,NA
"416",2018,"416.","The After Party","Comedy","5.7",4331,NA
"417",2018,"417.","The Nutcracker and the Four Realms","Adventure","5.5",32961,54860000
"418",2018,"418.","Winchester","Drama","5.4",33559,25090000
"419",2018,"419.","Forever My Girl","Comedy","6.7",17173,16380000
"420",2018,"420.","In Darkness","Mystery","5.7",13157,NA
"421",2018,"421.","In Fabric","Comedy","6.2",11156,NA
"422",2018,"422.","Save Me","Drama","7.7",5425,NA
"423",2018,"423.","Lizzie","Biography","5.9",7621,640000
"424",2018,"424.","Parallel","Drama","5.8",3450,NA
"425",2018,"425.","Mystery Road","Crime","7.5",3772,NA
"426",2018,"426.","Conrad & Michelle: If Words Could Kill","Drama","5.4",375,NA
"427",2018,"427.","The Romanoffs","Drama","6.9",5844,NA
"428",2018,"428.","The Death & Life of John F. Donovan","Drama","6.1",6672,130000
"429",2018,"429.","Message Man","Action","5.9",5681,NA
"430",2018,"430.","Yasak Elma","Drama","5.9",1909,NA
"431",2018,"431.","Ibiza","Comedy","5.2",17284,NA
"432",2018,"432.","Skin","Biography","6.9",22832,NA
"433",2018,"433.","Nightflyers","Drama","5.8",13079,NA
"434",2018,"434.","Duck Butter","Comedy","5.3",3886,10000
"435",2018,"435.","Book Club","Comedy","6.1",27772,68570000
"436",2018,"436.","SOKO Potsdam","Crime","7.2",93,NA
"437",2018,"437.","Heathers","Comedy","5.6",2570,NA
"438",2018,"438.","The Sweetest Heart","Romance","6.4",1390,NA
"439",2018,"439.","The Open House","Horror","3.2",33900,NA
"440",2018,"440.","The Bureau of Magical Things","Family","6.7",1888,NA
"441",2018,"441.","Sarkar","Action","7.2",19042,NA
"442",2018,"442.","The Great Celebrity Bake Off for SU2C","Reality-TV","7.7",203,NA
"443",2018,"443.","Gon-ji-am","Horror","6.3",8186,120000
"444",2018,"444.","Meteor Garden","Drama","8.1",3877,NA
"445",2018,"445.","The Grinch","Animation","6.3",67758,270620000
"446",2018,"446.","Banana Fish","Animation","8.3",5312,NA
"447",2018,"447.","Wild Rose","Comedy","7.1",13557,1640000
"448",2018,"448.","Isekai Mao to Shokan Shojo no Dorei Majutsu","Animation","7.0",3165,NA
"449",2018,"449.","The Catcher Was a Spy","Biography","6.2",9445,710000
"450",2018,"450.","Sweetbitter","Drama","7.0",4190,NA
"451",2018,"451.","Scissor Seven","Animation","8.4",2635,NA
"452",2018,"452.","The Front Runner","Biography","6.1",13010,2e+06
"453",2018,"453.","Requiem","Drama","6.4",6465,NA
"454",2018,"454.","The First","Drama","6.6",7719,NA
"455",2018,"455.","Ballon","Drama","7.5",11197,10000
"456",2018,"456.","Parfum","Drama","7.0",8691,NA
"457",2018,"457.","The Hummingbird Project","Drama","6.2",14138,370000
"458",2018,"458.","Blindspotting","Comedy","7.4",30392,4330000
"459",2018,"459.","The Cleaning Lady","Horror","5.5",3424,NA
"460",2018,"460.","Hilda","Animation","8.6",10063,NA
"461",2018,"461.","Rust Valley Restorers","Documentary","7.8",2772,NA
"462",2018,"462.","Possum","Drama","5.7",5821,NA
"463",2018,"463.","Splitting Up Together","Comedy","6.8",3699,NA
"464",2018,"464.","Where Hands Touch","Drama","6.4",4332,70000
"465",2018,"465.","Nailed It!","Game-Show","7.4",4656,NA
"466",2018,"466.","Ben Is Back","Drama","6.7",21031,3700000
"467",2018,"467.","Andhadhun","Comedy","8.2",88777,1370000
"468",2018,"468.","Dirty Work","Drama","3.3",313,NA
"469",2018,"469.","Zoe","Romance","6.0",8908,NA
"470",2018,"470.","Journal 64","Crime","7.4",15967,NA
"471",2018,"471.","God Friended Me","Comedy","6.9",7000,NA
"472",2018,"472.","La casa de las flores","Comedy","7.6",7690,NA
"473",2018,"473.","Teen Titans Go! To the Movies","Animation","6.7",18948,29560000
"474",2018,"474.","gen:LOCK","Animation","7.2",1548,NA
"475",2018,"475.","Batman Ninja","Animation","5.6",19787,NA
"476",2018,"476.","The Man Who Killed Hitler and Then the Bigfoot","Adventure","5.7",12028,NA
"477",2018,"477.","Super Troopers 2","Comedy","6.0",26258,30620000
"478",2018,"478.","Star Trek: Short Treks","Short","6.9",2504,NA
"479",2018,"479.","The Last Sharknado: It's About Time","Action","3.5",4288,NA
"480",2018,"480.","Dogs of Berlin","Action","7.5",12415,NA
"481",2018,"481.","Bad Samaritan","Crime","6.4",22733,3440000
"482",2018,"482.","Edge of Fear","Action","4.4",3090,NA
"483",2018,"483.","The Good Cop","Comedy","7.0",5608,NA
"484",2018,"484.","Accident Man","Action","6.2",9466,NA
"485",2018,"485.","Unsolved","Biography","7.8",7719,NA
"486",2018,"486.","Somebody Feed Phil","Documentary","8.2",4458,NA
"487",2018,"487.","Znaki","Crime","6.3",1635,NA
"488",2018,"488.","Besa","Crime","8.9",4282,NA
"489",2018,"489.","The Cry","Drama","7.3",4400,NA
"490",2018,"490.","Jersey Shore: Family Vacation","Reality-TV","6.5",1790,NA
"491",2018,"491.","Steig. Nicht. Aus!","Thriller","5.8",1440,NA
"492",2018,"492.","211","Action","4.3",8126,NA
"493",2018,"493.","Support the Girls","Comedy","6.4",7254,130000
"494",2018,"494.","O Mecanismo","Crime","8.2",36056,NA
"495",2018,"495.","The Biggest Little Farm","Documentary","8.0",7227,4370000
"496",2018,"496.","Three Identical Strangers","Documentary","7.6",34673,12320000
"497",2018,"497.","Goosebumps 2: Haunted Halloween","Adventure","5.6",20576,46700000
"498",2018,"498.","The Tale","Biography","7.2",17613,NA
"499",2018,"499.","Dynasties","Documentary","9.1",4491,NA
"500",2018,"500.","Dans la brume","Drama","5.8",6498,80000
"501",2018,"501.","Lodge 49","Comedy","7.6",4009,NA
"502",2018,"502.","Deception","Crime","7.4",9126,NA
"503",2018,"503.","Father of the Year","Comedy","5.2",11344,NA
"504",2018,"504.","Next Gen","Animation","6.6",17105,NA
"505",2018,"505.","Eulachacha Waikiki","Comedy","8.3",2017,NA
"506",2018,"506.","Looking Glass","Mystery","4.6",6777,NA
"507",2018,"507.","Hell Fest","Horror","5.5",16705,11110000
"508",2018,"508.","Blood","Crime","7.1",2450,NA
"509",2018,"509.","Galveston","Action","6.2",14210,NA
"510",2018,"510.","Watership Down","Animation","7.2",6073,NA
"511",2018,"511.","Vita & Virginia","Biography","5.8",3737,40000
"512",2018,"512.","Stockholm","Biography","6.1",12666,3e+05
"513",2018,"513.","Private Life","Comedy","7.2",19292,NA
"514",2018,"514.","Strange Angel","Drama","6.9",2209,NA
"515",2018,"515.","Our House","Drama","5.3",8276,NA
"516",2018,"516.","Forever","Comedy","7.1",6457,NA
"517",2018,"517.","Bitter Daisies","Drama","7.1",3371,NA
"518",2018,"518.","Bloodline","Crime","6.0",7721,NA
"519",2018,"519.","Like Father","Comedy","6.1",21182,NA
"520",2018,"520.","Smallfoot","Animation","6.6",38645,83240000
"521",2018,"521.","La reina del flow","Drama","8.0",1186,NA
"522",2018,"522.","Gordon, Gino & Fred's Road Trip","Adventure","8.4",1374,NA
"523",2018,"523.","T-34","Action","6.7",12073,NA
"524",2018,"524.","Dr. Pimple Popper","Reality-TV","6.6",906,NA
"525",2018,"525.","No Escape Room","Horror","5.0",4336,NA
"526",2018,"526.","The Miracle Season","Drama","6.5",5378,10230000
"527",2018,"527.","Le jeu","Comedy","6.8",14836,NA
"528",2018,"528.","The Wind","Horror","5.5",8032,30000
"529",2018,"529.","Blue Night","Drama","4.4",1581,10000
"530",2018,"530.","My Teacher, My Obsession","Drama","4.4",2276,NA
"531",2018,"531.","Benji","Crime","6.3",4659,NA
"532",2018,"532.","Here and Now","Comedy","6.7",4867,NA
"533",2018,"533.","Checkered Ninja","Animation","7.2",5177,NA
"534",2018,"534.","Breaking In","Action","5.4",15745,46380000
"535",2018,"535.","Bigger","Biography","6.4",2656,50000
"536",2018,"536.","Runt","Drama","5.8",445,NA
"537",2018,"537.","Speed Kills","Action","4.2",3203,NA
"538",2018,"538.","Hyeob-sang","Action","6.6",3172,110000
"539",2018,"539.","I Think We're Alone Now","Drama","5.7",9362,NA
"540",2018,"540.","The Last O.G.","Comedy","6.9",3633,NA
"541",2018,"541.","The New Legends of Monkey","Action","6.5",4291,NA
"542",2018,"542.","Dhar Mann","Short","5.1",641,NA
"543",2018,"543.","Jonathan","Drama","5.9",6138,NA
"544",2018,"544.","Acts of Violence","Action","5.3",12249,NA
"545",2018,"545.","Girl","Drama","7.1",14025,NA
"546",2018,"546.","Bad Banks","Crime","7.9",5533,NA
"547",2018,"547.","En affære","Drama","5.5",2009,NA
"548",2018,"548.","Rojst","Crime","7.0",4294,NA
"549",2018,"549.","Netemo sametemo","Drama","7.0",3451,20000
"550",2018,"550.","Profile","Mystery","6.7",4070,NA
"551",2018,"551.","Teen Spirit","Drama","6.0",8809,440000
"552",2018,"552.","The A List","Crime","5.4",2815,NA
"553",2018,"553.","Aniara","Drama","6.2",8796,40000
"554",2018,"554.","The Mercy","Adventure","6.0",8455,NA
"555",2018,"555.","SKY Castle","Drama","8.6",2806,NA
"556",2018,"556.","Giant Little Ones","Drama","7.2",7940,180000
"557",2018,"557.","The Happy Prince","Biography","6.2",5147,470000
"558",2018,"558.","Batman: Gotham by Gaslight","Animation","6.7",16273,NA
"559",2018,"559.","The Last Drive-In with Joe Bob Briggs","Comedy","9.4",1331,NA
"560",2018,"560.","A Vigilante","Crime","5.6",8847,NA
"561",2018,"561.","The Debt Collector","Action","5.8",7417,NA
"562",2018,"562.","Impulse","Action","7.4",9766,NA
"563",2018,"563.","Nae Aidineun Gangnammiin","Comedy","7.4",3725,NA
"564",2018,"564.","Kolamavu Kokila","Comedy","7.3",3036,NA
"565",2018,"565.","Sanglyusahoe","Drama","5.5",977,NA
"566",2018,"566.","Sierra Burgess Is a Loser","Comedy","5.8",38453,NA
"567",2018,"567.","Spinning Man","Drama","5.6",11016,NA
"568",2018,"568.","Joe Pera Talks with You","Comedy","8.9",2205,NA
"569",2018,"569.","Dirty Money","Documentary","8.1",9077,NA
"570",2018,"570.","Driven","Biography","6.3",6696,NA
"571",2018,"571.","The Little Mermaid","Adventure","4.2",8909,7150000
"572",2018,"572.","Light as a Feather","Drama","6.4",3487,NA
"573",2018,"573.","Early Man","Animation","6.1",21817,8270000
"574",2018,"574.","Ayka","Drama","7.1",1767,NA
"575",2018,"575.","American Woman","Drama","6.8",6545,240000
"576",2018,"576.","Skjelvet","Action","6.2",11712,10000
"577",2018,"577.","Champions","Comedy","6.0",3780,NA
"578",2018,"578.","Irreplaceable You","Comedy","6.4",9498,NA
"579",2018,"579.","Bir Zamanlar Çukurova","Drama","5.5",1092,NA
"580",2018,"580.","Damsel","Comedy","5.5",5124,310000
"581",2018,"581.","Antrum: The Deadliest Film Ever Made","Horror","4.9",2917,NA
"582",2018,"582.","The Kids Are Alright","Comedy","7.8",3370,NA
"583",2018,"583.","Love at Sea","Mystery","5.5",951,NA
"584",2018,"584.","Explained","Documentary","8.0",8909,NA
"585",2018,"585.","Backstabbing for Beginners","Drama","6.2",5168,NA
"586",2018,"586.","Thunder Road","Comedy","7.0",18179,NA
"587",2018,"587.","Patient Zero","Action","4.5",8835,NA
"588",2018,"588.","Step Up: High Water","Drama","7.2",1228,NA
"589",2018,"589.","Gloria Bell","Comedy","6.3",11411,5610000
"590",2018,"590.","Piercing","Horror","5.5",7504,20000
"591",2018,"591.","Suicide Squad: Hell to Pay","Animation","7.0",14495,NA
"592",2018,"592.","Cats and Peachtopia","Animation","4.8",1283,NA
"593",2018,"593.","Black Water","Action","4.6",7506,NA
"594",2018,"594.","Operation Odessa","Documentary","7.7",6428,NA
"595",2018,"595.","Alhambeura Goongjeonui Chooeok","Drama","7.8",5320,NA
"596",2018,"596.","Snapshots","Drama","7.0",1967,NA
"597",2018,"597.","The Young Offenders","Comedy","8.0",4017,NA
"598",2018,"598.","Patrick","Comedy","5.9",3634,10000
"599",2018,"599.","Entebbe","Action","5.8",15595,3190000
"600",2018,"600.","25 Words or Less","Game-Show","6.4",161,NA
"601",2018,"601.","Mrs Wilson","Biography","7.4",7382,NA
"602",2018,"602.","Deep Blue Sea 2","Action","3.4",7343,NA
"603",2018,"603.","The Dark","Drama","5.6",5311,NA
"604",2018,"604.","American Woman","Comedy","6.2",1331,NA
"605",2018,"605.","Byuti Insaideu","Drama","7.6",1846,NA
"606",2018,"606.","Diablo Guardián","Action","6.1",665,NA
"607",2018,"607.","Banana Split","Comedy","6.2",3222,NA
"608",2018,"608.","Gewoon vrienden","Comedy","7.2",3594,NA
"609",2018,"609.","Future World","Action","3.2",6228,NA
"610",2018,"610.","Alex Strangelove","Comedy","6.3",17188,NA
"611",2018,"611.","La nuit a dévoré le monde","Drama","6.0",12951,NA
"612",2018,"612.","Liteul poleseuteu","Drama","7.2",2674,NA
"613",2018,"613.","The Boss Baby: Back in Business","Animation","6.5",3556,NA
"614",2018,"614.","Traffik","Thriller","5.9",20060,9190000
"615",2018,"615.","Charming","Animation","5.6",3450,NA
"616",2018,"616.","Origin","Horror","7.0",7184,NA
"617",2018,"617.","The Truth About the Harry Quebert Affair","Crime","7.4",5856,NA
"618",2018,"618.","Yip Man ngoi zyun: Cheung Tin Chi","Action","6.5",8454,6210000
"619",2018,"619.","Camping","Comedy","4.9",3012,NA
"620",2018,"620.","Beast of Burden","Action","3.6",2897,NA
"621",2018,"621.","Still","Drama","5.2",1160,NA
"622",2018,"622.","Sally4Ever","Comedy","6.5",1799,NA
"623",2018,"623.","Nekrotronic","Action","5.5",2902,NA
"624",2018,"624.","The Hurricane Heist","Action","5.1",20525,6120000
"625",2018,"625.","Final Score","Action","5.7",11856,NA
"626",2018,"626.","Find Me in Paris","Comedy","7.1",1530,NA
"627",2018,"627.","In My Skin","Comedy","7.9",917,NA
"628",2018,"628.","Corporate","Comedy","7.7",3377,NA
"629",2018,"629.","3Below: Tales of Arcadia","Animation","7.7",5983,NA
"630",2018,"630.","La mia amica geniale","Documentary","7.9",337,NA
"631",2018,"631.","Home by Spring","Drama","6.0",1298,NA
"632",2018,"632.","El árbol de la sangre","Drama","6.4",2958,NA
"633",2018,"633.","Evil Genius: The True Story of America's Most Diabolical Bank Heist","Documentary","7.5",27420,NA
"634",2018,"634.","Samson","Action","4.4",4529,4720000
"635",2018,"635.","After Porn Ends 3","Documentary","5.4",1637,NA
"636",2018,"636.","Nicky Larson et le parfum de Cupidon","Action","6.5",4377,NA
"637",2018,"637.","Steins;Gate 0","Animation","8.4",8353,NA
"638",2018,"638.","The Game Changers","Documentary","7.8",19662,740000
"639",2018,"639.","Tremors: A Cold Day in Hell","Action","5.0",5852,NA
"640",2018,"640.","Black Earth Rising","Thriller","7.4",4819,NA
"641",2018,"641.","Nobody's Fool","Comedy","4.9",7522,31710000
"642",2018,"642.","Sulla mia pelle","Biography","7.3",9119,NA
"643",2018,"643.","The Domestics","Action","5.7",9728,NA
"644",2018,"644.","Monster","Crime","6.5",5627,NA
"645",2018,"645.","Jigeum mannareo gabmida","Drama","7.7",5557,NA
"646",2018,"646.","Sacred Lies","Drama","7.4",674,NA
"647",2018,"647.","Bilby","Animation","7.3",1235,NA
"648",2018,"648.","The Wedding Guest","Thriller","5.8",5536,380000
"649",2018,"649.","Aenne Burda: Die Wirtschaftswunderfrau","Biography","7.0",191,NA
"650",2018,"650.","Lego DC Super-Villains","Action","8.0",833,NA
"651",2018,"651.","Dude","Comedy","5.1",6935,NA
"652",2018,"652.","Hellraiser: Judgment","Horror","4.3",5886,NA
"653",2018,"653.","Informer","Crime","7.8",5646,NA
"654",2018,"654.","Picnic at Hanging Rock","Drama","6.1",3998,NA
"655",2018,"655.","Seongnan hwangso","Action","6.6",2829,1e+05
"656",2018,"656.","Defending the Guilty","Comedy","7.1",771,NA
"657",2018,"657.","Utøya 22. juli","Drama","7.2",13919,NA
"658",2018,"658.","Black '47","Action","6.8",11753,50000
"659",2018,"659.","Lazzaro felice","Drama","7.5",17826,NA
"660",2018,"660.","Yeh Meri Family","Comedy","9.2",23206,NA
"661",2018,"661.","The Innocents","Drama","6.2",5776,NA
"662",2018,"662.","Mo Dao Zu Shi","Animation","8.5",1526,NA
"663",2018,"663.","Plan Coeur","Comedy","7.1",5273,NA
"664",2018,"664.","Assassin's Creed: Odyssey","Action","8.5",6501,NA
"665",2018,"665.","Bleach: Burîchu","Action","6.3",11507,NA
"666",2018,"666.","Mirai no Mirai","Animation","7.0",15292,810000
"667",2018,"667.","Tourism Australia: Dundee - The Son of a Legend Returns Home","Short","7.9",1765,NA
"668",2018,"668.","Grand Blue","Animation","7.9",2643,NA
"669",2018,"669.","Kung Fu Panda: The Paws of Destiny","Animation","7.5",1015,NA
"670",2018,"670.","Wotaku ni Koi wa Muzukashii","Animation","7.6",3039,NA
"671",2018,"671.","Blaze","Biography","6.5",3198,70000
"672",2018,"672.","Karakai Jouzu no Takagi-san","Animation","7.8",1979,NA
"673",2018,"673.","King Gary","Comedy","6.7",1186,NA
"674",2018,"674.","Beach House","Action","5.4",3268,NA
"675",2018,"675.","Nightmare Cinema","Horror","5.5",4360,NA
"676",2018,"676.","Status Update","Comedy","5.7",5081,NA
"677",2018,"677.","Haunted","Horror","4.6",3169,NA
"678",2018,"678.","Show Dogs","Adventure","3.8",4672,17740000
"679",2018,"679.","Take Two","Comedy","7.2",5552,NA
"680",2018,"680.","The Christmas Chronicles","Adventure","7.0",71301,NA
"681",2018,"681.","Jeremiah Terminator LeRoy","Biography","5.4",2431,NA
"682",2018,"682.","Elizabeth Harvest","Horror","5.8",8344,NA
"683",2018,"683.","The Farm","Horror","3.7",2974,NA
"684",2018,"684.","Bent","Crime","5.1",6733,NA
"685",2018,"685.","Gandii Baat","Crime","3.6",2796,NA
"686",2018,"686.","Summer Camp Island","Animation","7.6",1403,NA
"687",2018,"687.","1983","Crime","6.8",4205,NA
"688",2018,"688.","I Am a Killer","Documentary","7.4",3923,NA
"689",2018,"689.","The Flemish Bandits","Adventure","6.8",2563,NA
"690",2018,"690.","Diqiu zuihou de yewan","Drama","7.1",7922,5e+05
"691",2018,"691.","Dogman","Crime","7.2",26217,150000
"692",2018,"692.","He's Out There","Horror","5.2",8394,NA
"693",2018,"693.","Down a Dark Hall","Drama","5.0",14073,NA
"694",2018,"694.","The Crossing","Adventure","7.1",9638,NA
"695",2018,"695.","Trial by Fire","Biography","7.0",10037,150000
"696",2018,"696.","Busted! I Know Who You Are!","Comedy","7.7",892,NA
"697",2018,"697.","The Little Stranger","Drama","5.5",9904,710000
"698",2018,"698.","My Dinner with Hervé","Biography","6.9",6264,NA
"699",2018,"699.","100 Dinge","Comedy","6.3",5603,NA
"700",2018,"700.","Braid","Crime","5.3",3360,NA
"701",2018,"701.","The Con Is On","Comedy","4.0",9323,NA
"702",2018,"702.","The Seagull","Comedy","5.7",3573,1250000
"703",2018,"703.","Folklore","Horror","5.7",470,NA
"704",2018,"704.","Badhaai ho","Comedy","8.0",33378,NA
"705",2018,"705.","Seven Stages to Achieve Eternal Bliss by Passing Through the Gateway Chosen by the Holy Storsh","Comedy","5.6",951,NA
"706",2018,"706.","You Might Be the Killer","Comedy","5.9",5146,NA
"707",2018,"707.","Summertime","Drama","6.3",390,NA
"708",2018,"708.","Runaway Romance","Drama","6.1",1081,NA
"709",2018,"709.","The Boat","Horror","5.7",3750,NA
"710",2018,"710.","Tremors","Comedy","7.8",362,NA
"711",2018,"711.","El fotógrafo de Mauthausen","Biography","6.7",10560,NA
"712",2018,"712.","Love, Once and Always","Action","6.2",1149,NA
"713",2018,"713.","An American Murder Mystery: The Staircase","Documentary","7.4",2288,NA
"714",2018,"714.","Time Freak","Comedy","5.8",8762,10000
"715",2018,"715.","Occupation","Action","4.7",18446,NA
"716",2018,"716.","Inrang","Action","5.9",5059,NA
"717",2018,"717.","Skam France","Drama","8.3",2534,NA
"718",2018,"718.","Flames","Comedy","9.2",28407,NA
"719",2018,"719.","Maman a tort","Crime","7.2",330,NA
"720",2018,"720.","Den blomstertid nu kommer","Action","6.0",7895,NA
"721",2018,"721.","Un couteau dans le coeur","Drama","6.2",4496,30000
"722",2018,"722.","Sayonara no asa ni yakusoku no hana o kazarô","Animation","7.4",6150,NA
"723",2018,"723.","October","Drama","7.5",15380,NA
"724",2018,"724.","Never Heard","Drama","5.6",492,NA
"725",2018,"725.","Rise of the Teenage Mutant Ninja Turtles","Animation","5.6",2985,NA
"726",2018,"726.","Padmaavat","Drama","7.1",31230,11850000
"727",2018,"727.","Greyzone","Drama","7.3",2683,NA
"728",2018,"728.","Burden","Biography","6.6",3493,NA
"729",2018,"729.","Dirty White Lies","Thriller","3.0",127,NA
"730",2018,"730.","Office Uprising","Action","5.8",12756,NA
"731",2018,"731.","LOL: Last One Laughing","Reality-TV","3.5",534,NA
"732",2018,"732.","The Matchmaker's Playbook","Comedy","6.3",1731,NA
"733",2018,"733.","Ahlat Agaci","Drama","8.0",23973,30000
"734",2018,"734.","Dry Martina","Comedy","5.8",972,NA
"735",2018,"735.","Open 24 Hours","Horror","5.5",3441,NA
"736",2018,"736.","Citrus","Animation","6.6",2015,NA
"737",2018,"737.","Unbroken: Path to Redemption","Biography","5.8",3097,6220000
"738",2018,"738.","Holiday","Crime","5.7",4000,NA
"739",2018,"739.","Golden Kamuy","Animation","8.0",1550,NA
"740",2018,"740.","All the Devil's Men","Action","5.1",2925,NA
"741",2018,"741.","Barbie Dreamhouse Adventures","Animation","6.8",516,NA
"742",2018,"742.","Death Race: Beyond Anarchy","Action","5.2",4242,NA
"743",2018,"743.","Mulk","Drama","7.5",21370,NA
"744",2018,"744.","Constantine: City of Demons","Animation","7.3",6837,NA
"745",2018,"745.","King Lear","Drama","6.1",3708,NA
"746",2018,"746.","Beyond White Space","Sci-Fi","4.5",2008,NA
"747",2018,"747.","Il cacciatore","Action","7.8",812,NA
"748",2018,"748.","Niemand in de stad","Drama","7.1",1286,NA
"749",2018,"749.","Chang-gwol","Action","6.3",4079,170000
"750",2018,"750.","Acrimony","Thriller","5.8",8739,43550000
"751",2018,"751.","Bayou Caviar","Crime","4.7",3294,NA
"752",2018,"752.","Ratsasan","Crime","8.4",39068,NA
"753",2018,"753.","Car Masters: Rust to Riches","Reality-TV","8.8",9993,NA
"754",2018,"754.","The Legacy of a Whitetail Deer Hunter","Comedy","5.5",3900,NA
"755",2018,"755.","Stranger Things: Spotlight","Talk-Show","8.7",213,NA
"756",2018,"756.","The Grizzlies","Biography","7.5",2048,NA
"757",2018,"757.","Ladies in Black","Comedy","6.7",6821,NA
"758",2018,"758.","We the Animals","Drama","6.9",4205,4e+05
"759",2018,"759.","The Death of Superman","Animation","7.3",16300,NA
"760",2018,"760.","Everyone Is Doing Great","Comedy","7.7",1676,NA
"761",2018,"761.","The Final Table","Reality-TV","7.6",4050,NA
"762",2018,"762.","Love After Lockup","Reality-TV","6.5",479,NA
"763",2018,"763.","Far Cry 5","Action","8.0",6413,NA
"764",2018,"764.","Da hong zha","Action","3.2",4354,NA
"765",2018,"765.","The Land of Steady Habits","Comedy","6.2",7616,NA
"766",2018,"766.","Backtrace","Action","3.8",4081,NA
"767",2018,"767.","An Evening with Beverly Luff Linn","Comedy","5.8",5545,10000
"768",2018,"768.","Sir","Drama","7.7",6865,NA
"769",2018,"769.","The Woman in White","Drama","6.8",1780,NA
"770",2018,"770.","Kiss Me First","Drama","6.2",3892,NA
"771",2018,"771.","Jonas","Drama","7.0",5672,NA
"772",2018,"772.","Corazón","Biography","7.1",330,NA
"773",2018,"773.","The Delinquent Season","Drama","6.4",1706,NA
"774",2018,"774.","Wildling","Drama","5.5",13734,NA
"775",2018,"775.","Lykke-Per","Drama","7.2",6062,NA
"776",2018,"776.","El Ángel","Biography","6.9",10424,90000
"777",2018,"777.","Transit","Drama","6.9",10022,820000
"778",2018,"778.","De Dag","Action","8.3",3791,NA
"779",2018,"779.","The Final Wish","Horror","4.2",7979,20000
"780",2018,"780.","Baekilui Nanggoonnim","Action","7.8",1988,NA
"781",2018,"781.","Malicious","Horror","5.0",3850,NA
"782",2018,"782.","Satsuriku no Tenshi","Animation","6.4",1922,NA
"783",2018,"783.","Dominion","Documentary","9.0",3363,NA
"784",2018,"784.","Family","Comedy","6.3",2776,120000
"785",2018,"785.","Boku no hîrô akademia THE MOVIE ~ 2-ri no eiyû ~","Animation","7.4",9980,5750000
"786",2018,"786.","Loro","Biography","6.7",5873,NA
"787",2018,"787.","B: The Beginning","Animation","7.2",4776,NA
"788",2018,"788.","Fleuve noir","Crime","6.3",3126,NA
"789",2018,"789.","Ashes in the Snow","Drama","6.6",6211,NA
"790",2018,"790.","Never Goin' Back","Comedy","6.0",2998,60000
"791",2018,"791.","The Cool Kids","Comedy","6.9",2932,NA
"792",2018,"792.","Ya, Ty, On, Ona","Comedy","5.2",408,NA
"793",2018,"793.","Unga Astrid","Biography","7.1",6171,120000
"794",2018,"794.","The Festival","Comedy","5.8",6908,NA
"795",2018,"795.","Stree","Comedy","7.6",32991,NA
"796",2018,"796.","Mi mejor amigo","Drama","6.8",3339,NA
"797",2018,"797.","Impuros","Action","8.5",413,NA
"798",2018,"798.","Fast Color","Drama","6.0",6164,80000
"799",2018,"799.","Kickboxer: Retaliation","Action","5.0",5355,0
"800",2018,"800.","Blood Fest","Comedy","5.4",5563,NA
"801",2018,"801.","Mubeop Byeonhosa","Action","7.7",1623,NA
"802",2018,"802.","The Shivering Truth","Animation","8.0",1889,NA
"803",2018,"803.","Battle","Drama","5.9",4194,NA
"804",2018,"804.","Ansisung","Action","7.0",4958,470000
"805",2018,"805.","The Princess Switch","Comedy","6.0",27605,NA
"806",2018,"806.","The White Crow","Biography","6.6",6069,1830000
"807",2018,"807.","Out of Blue","Crime","4.8",1907,20000
"808",2018,"808.","Elimi birakma","Drama","7.1",1376,NA
"809",2018,"809.","Primal Rage","Action","4.9",3558,NA
"810",2018,"810.","The White Orchid","Drama","5.3",1180,NA
"811",2018,"811.","10x10","Drama","5.1",8878,NA
"812",2018,"812.","Megalodon","Action","2.8",2121,NA
"813",2018,"813.","In a Relationship","Comedy","5.5",2612,NA
"814",2018,"814.","Sin-gwa ham-kke: In-gwa yeon","Action","7.1",7003,1200000
"815",2018,"815.","Muhtesem Ikili","Action","6.6",1157,NA
"816",2018,"816.","Sauvage","Drama","7.0",4647,60000
"817",2018,"817.","À l'intérieur","Crime","6.1",108,NA
"818",2018,"818.","God, Sex and Truth","Short","4.8",848,NA
"819",2018,"819.","History of Horror","Documentary","8.0",2129,NA
"820",2018,"820.","Who Is America?","Comedy","8.3",18664,NA
"821",2018,"821.","Çarpisma","Action","7.7",4013,NA
"822",2018,"822.","The Fare","Mystery","6.2",2536,NA
"823",2018,"823.","Attrition","Action","4.1",1031,NA
"824",2018,"824.","Can't Have You","Comedy","3.6",127,NA
"825",2018,"825.","Junji Itô: Korekushon","Animation","6.7",904,NA
"826",2018,"826.","Dog Days","Comedy","6.2",4879,6810000
"827",2018,"827.","Sex School: Student Bodies","Comedy","7.6",58,NA
"828",2018,"828.","Rémi sans famille","Adventure","7.0",2327,NA
"829",2018,"829.","Only You","Drama","6.7",2759,NA
"830",2018,"830.","Steel Country","Mystery","6.2",4485,NA
"831",2018,"831.","Magic for Humans","Comedy","7.1",3304,NA
"832",2018,"832.","I Still See You","Fantasy","5.8",9947,NA
"833",2018,"833.","Druck","Drama","7.9",1138,NA
"834",2018,"834.","The Accidental Wolf","Drama","6.8",66,NA
"835",2018,"835.","Under the Autumn Moon","Action","6.5",1182,NA
"836",2018,"836.","Puppet Master: The Littlest Reich","Comedy","5.4",3905,NA
"837",2018,"837.","The Girl in the Bathtub","Biography","5.4",939,NA
"838",2018,"838.","Miseuti","Drama","8.1",586,NA
"839",2018,"839.","LA to Vegas","Comedy","7.1",4932,NA
"840",2018,"840.","The Head Hunter","Fantasy","5.4",6191,NA
"841",2018,"841.","Shangri-La: Near Extinction","Sci-Fi","3.0",260,NA
"842",2018,"842.","Finding Joy","Comedy","6.1",593,NA
"843",2018,"843.","La casa lobo","Animation","7.5",2636,NA
"844",2018,"844.","Hamlet","Drama","8.5",350,NA
"845",2018,"845.","Rise","Drama","6.8",4491,NA
"846",2018,"846.","The Pilgrimage: Road to Santiago","Documentary","7.4",54,NA
"847",2018,"847.","Untogether","Drama","5.1",1556,NA
"848",2018,"848.","Why Are You Like This?","Comedy","6.5",1471,NA
"849",2018,"849.","Luis Miguel: La Serie","Biography","8.1",4598,NA
"850",2018,"850.","Enthusiastic Sinners","Drama","6.6",107,NA
"851",2018,"851.","Corner Gas Animated","Animation","7.7",1329,NA
"852",2018,"852.","Hataraku Saibou","Animation","7.5",2197,NA
"853",2018,"853.","Sex Weather","Comedy","6.3",6077,NA
"854",2018,"854.","Alcatraz","Action","3.0",551,NA
"855",2018,"855.","Macbeth","Drama","5.5",977,NA
"856",2018,"856.","Tell Me Your Name","Drama","4.0",1569,NA
"857",2018,"857.","Grace","Comedy","5.7",451,NA
"858",2018,"858.","Holly Hobbie","Drama","6.6",241,NA
"859",2018,"859.","7 Guardians of the Tomb","Action","4.4",4258,NA
"860",2018,"860.","Taxi 5","Action","4.7",9261,NA
"861",2018,"861.","Aggretsuko","Animation","8.0",6051,NA
"862",2018,"862.","Girl in the Bunker","Drama","5.8",885,NA
"863",2018,"863.","Dai si hing","Action","6.3",2955,90000
"864",2018,"864.","Sebelum Iblis Menjemput","Horror","5.9",4194,NA
"865",2018,"865.","Kruk","Crime","7.7",789,NA
"866",2018,"866.","Handy Bean","Short","6.2",228,NA
"867",2018,"867.","Slice","Comedy","4.5",3075,NA
"868",2018,"868.","Redbad","Action","5.5",2640,NA
"869",2018,"869.","Mortimer & Whitehouse: Gone Fishing","Comedy","8.9",1162,NA
"870",2018,"870.","Better Call Saul: Madrigal Electromotive Security Training","Comedy","8.0",211,NA
"871",2018,"871.","Little Woods","Crime","6.2",3243,150000
"872",2018,"872.","The Men","Mystery","5.7",2898,NA
"873",2018,"873.","Love, of Course","Comedy","6.7",1075,NA
"874",2018,"874.","The Bletchley Circle: San Francisco","Crime","6.8",2462,NA
"875",2018,"875.","Yuli","Biography","7.0",2039,NA
"876",2018,"876.","The Scorpion King: Book of Souls","Action","4.6",2659,NA
"877",2018,"877.","Rangbaaz","Action","8.2",5630,NA
"878",2018,"878.","6-Headed Shark Attack","Action","2.8",1182,NA
"879",2018,"879.","The Shop","Talk-Show","6.6",996,NA
"880",2018,"880.","Beerfest: Thirst for Victory","Comedy","6.4",59,NA
"881",2018,"881.","God's Not Dead: A Light in Darkness","Drama","4.4",3978,5730000
"882",2018,"882.","Seoreunijiman Yeolilgobibmida","Comedy","7.9",1806,NA
"883",2018,"883.","Constantine: City of Demons","Animation","7.5",5975,NA
"884",2018,"884.","Under the Eiffel Tower","Comedy","5.4",985,10000
"885",2018,"885.","Monsters and Men","Crime","6.0",2370,5e+05
"886",2018,"886.","Beolsae","Drama","7.4",2883,NA
"887",2018,"887.","The Party's Just Beginning","Comedy","6.1",2172,NA
"888",2018,"888.","Sobibor","Drama","6.4",5044,NA
"889",2018,"889.","Museo","Crime","6.8",5470,150000
"890",2018,"890.","Lust Stories","Drama","6.4",10704,NA
"891",2018,"891.","IMDbrief","Short","6.4",906,NA
"892",2018,"892.","The Oath","Crime","6.3",1788,NA
"893",2018,"893.","Bully","Comedy","5.7",372,NA
"894",2018,"894.","All of My Heart: The Wedding","Romance","7.0",1063,NA
"895",2018,"895.","Mi obra maestra","Comedy","7.1",6011,NA
"896",2018,"896.","Avengers of Justice: Farce Wars","Action","2.4",526,NA
"897",2018,"897.","Raazi","Action","7.8",29800,NA
"898",2018,"898.","Hitler's Circle of Evil","Documentary","8.0",4227,NA
"899",2018,"899.","Doubles vies","Comedy","6.4",5075,7e+05
"900",2018,"900.","14 Cameras","Crime","4.6",2840,NA
"901",2018,"901.","The Innocent Man","Documentary","7.3",5869,NA
"902",2018,"902.","Fariña","Crime","7.9",3780,NA
"903",2018,"903.","Minding the Gap","Documentary","8.0",9360,10000
"904",2018,"904.","Dietland","Comedy","6.5",2644,NA
"905",2018,"905.","Arizona","Comedy","5.8",7773,NA
"906",2018,"906.","Darc","Action","5.8",4449,NA
"907",2018,"907.","Portraits of Andrea Palmer","Drama","4.9",230,NA
"908",2018,"908.","Ghoul","Drama","7.1",13731,NA
"909",2018,"909.","Benjamin","Comedy","6.6",1751,NA
"910",2018,"910.","Paterno","Biography","6.5",6835,NA
"911",2018,"911.","The Etruscan Smile","Drama","6.9",1554,NA
"912",2018,"912.","The Breaker Upperers","Comedy","5.9",6049,NA
"913",2018,"913.","Avlu","Crime","7.2",1603,NA
"914",2018,"914.","Sports Illustrated: Paige Spiranac","Documentary","7.0",14,NA
"915",2018,"915.","Sen Anlat Karadeniz","Drama","6.1",2286,NA
"916",2018,"916.","Hurricane","Action","5.9",4832,NA
"917",2018,"917.","Yarichin Bitch Club","Animation","6.6",232,NA
"918",2018,"918.","Season for Love","Action","6.4",1251,NA
"919",2018,"919.","L'homme fidèle","Comedy","6.2",3648,60000
"920",2018,"920.","Das schweigende Klassenzimmer","Drama","7.4",5070,NA
"921",2018,"921.","Press","Drama","7.5",2479,NA
"922",2018,"922.","Ideal Home","Comedy","6.4",11749,NA
"923",2018,"923.","Aravindha Sametha Veera Raghava","Action","7.7",8330,NA
"924",2018,"924.","Ricky Gervais: Humanity","Comedy","7.9",18427,NA
"925",2018,"925.","Won't You Be My Neighbor?","Documentary","8.3",25218,22840000
"926",2018,"926.","Agatha and the Truth of Murder","Crime","6.3",4895,NA
"927",2018,"927.","My Dead Ex","Comedy","7.4",473,NA
"928",2018,"928.","Los Espookys","Comedy","7.4",1767,NA
"929",2018,"929.","Did I Kill My Mother?","Mystery","5.1",275,NA
"930",2018,"930.","Bel Canto","Drama","5.4",3238,80000
"931",2018,"931.","The Test Case","Action","8.4",1703,NA
"932",2018,"932.","Sanju","Biography","7.8",52891,7910000
"933",2018,"933.","Uncharted: Live Action Fan Film","Short","8.4",4197,NA
"934",2018,"934.","Harry & Meghan: A Royal Romance","Biography","5.4",1761,NA
"935",2018,"935.","All About Nina","Drama","6.2",2752,1e+05
"936",2018,"936.","Life Sentence","Comedy","6.5",3847,NA
"937",2018,"937.","Sick of It","Comedy","7.4",2181,NA
"938",2018,"938.","Wild Nights with Emily","Comedy","6.2",1230,520000
"939",2018,"939.","Yung","Drama","5.4",514,NA
"940",2018,"940.","Blinded by the Lights","Crime","7.8",3005,NA
"941",2018,"941.","Megalo Box","Animation","7.8",3118,NA
"942",2018,"942.","Knight Squad","Adventure","5.3",593,NA
"943",2018,"943.","25 km/h","Adventure","7.2",4797,NA
"944",2018,"944.","Lake Placid: Legacy","Action","3.4",2257,NA
"945",2018,"945.","Mingle All the Way","Drama","6.8",2431,NA
"946",2018,"946.","Da xiang xidi erzuo","Drama","7.8",6320,30000
"947",2018,"947.","El Recluso","Drama","6.9",2659,NA
"948",2018,"948.","Clara","Sci-Fi","6.7",4793,NA
"949",2018,"949.","Await Further Instructions","Horror","4.9",8571,NA
"950",2018,"950.","Diamantino","Comedy","6.4",2828,70000
"951",2018,"951.","Butterfly Kisses","Horror","5.9",2305,NA
"952",2018,"952.","Hell House LLC II: The Abaddon Hotel","Horror","5.3",4131,NA
"953",2018,"953.","Skin","Short","7.2",5852,NA
"954",2018,"954.","Je ne suis pas un homme facile","Comedy","6.3",14225,NA
"955",2018,"955.","Kona fer í stríð","Adventure","7.4",9733,850000
"956",2018,"956.","The Epic Tales of Captain Underpants","Animation","6.7",891,NA
"957",2018,"957.","The Rachel Divide","Documentary","6.3",2494,NA
"958",2018,"958.","Daphne & Velma","Action","4.1",1986,NA
"959",2018,"959.","Behind the Curve","Documentary","6.5",9825,NA
"960",2018,"960.","Posledice","Drama","6.9",1979,NA
"961",2018,"961.","The Beach House","Drama","6.5",1813,NA
"962",2018,"962.","When Heroes Fly","Action","7.2",3112,NA
"963",2018,"963.","Farming","Drama","6.0",1450,NA
"964",2018,"964.","2.0","Action","6.2",23768,5570000
"965",2018,"965.","Little Women","Drama","5.2",1272,1380000
"966",2018,"966.","La noche de 12 años","Adventure","7.5",9795,NA
"967",2018,"967.","Fire & Blood","Action","9.7",181,NA
"968",2018,"968.","River Runs Red","Action","4.4",3259,NA
"969",2018,"969.","Girls with Balls","Comedy","3.9",3207,NA
"970",2018,"970.","Love Island Australia","Reality-TV","5.4",595,NA
"971",2018,"971.","The Marine 6: Close Quarters","Action","4.9",1445,NA
"972",2018,"972.","Doggystyle","Short","6.9",570,NA
"973",2018,"973.","Mapplethorpe","Biography","6.1",1500,90000
"974",2018,"974.","Amateur","Drama","5.9",4338,NA
"975",2018,"975.","Love Sonia","Drama","7.4",1894,NA
"976",2018,"976.","Cruise","Drama","5.3",1275,NA
"977",2018,"977.","Croc-Blanc","Animation","6.9",3655,NA
"978",2018,"978.","Come Sunday","Biography","6.0",2282,NA
"979",2018,"979.","Hades","Action","8.9",1295,NA
"980",2018,"980.","wtFOCK","Drama","8.4",728,NA
"981",2018,"981.","Muppet Babies","Animation","6.5",603,NA
"982",2018,"982.","Hearts Beat Loud","Comedy","6.9",10840,2390000
"983",2018,"983.","Once Upon a Christmas Miracle","Drama","7.3",1960,NA
"984",2018,"984.","Alone Together","Comedy","6.6",1927,NA
"985",2018,"985.","Bankier van het verzet","Biography","6.9",9330,NA
"986",2018,"986.","Dying for the Crown","Thriller","4.6",270,NA
"987",2018,"987.","Buttons","Drama","5.3",530,150000
"988",2018,"988.","Abby Hatcher","Animation","5.8",175,NA
"989",2018,"989.","Ma-yak-wang","Action","6.2",3095,NA
"990",2018,"990.","96","Drama","8.5",28394,NA
"991",2018,"991.","UFO","Drama","6.2",9823,NA
"992",2018,"992.","Spare Room","Drama","5.3",274,NA
"993",2018,"993.","D-Railed","Action","3.9",1803,NA
"994",2018,"994.","Bozkir","Crime","8.0",2716,NA
"995",2018,"995.","Daddy's Girl","Crime","4.6",563,NA
"996",2018,"996.","Shrimp","Comedy","6.6",121,NA
"997",2018,"997.","A Way Out","Action","8.0",2546,NA
"998",2018,"998.","Rig 45","Crime","6.0",1034,NA
"999",2018,"999.","My Perfect Romance","Romance","4.6",3025,NA
"1000",2018,"1,000.","Syucheu","Crime","7.4",664,NA
